Age,LocalFoodFrequency,HomeSize,ClothingFrequency,SustainableBrands,EnvironmentalAwareness,CommunityInvolvement,MonthlyElectricityConsumption,MonthlyWaterConsumption,UsingPlasticProducts,PhysicalActivities,Rating,Location_Rural,Location_Suburban,Location_Urban,DietType_Balanced,DietType_Mostly Animal-Based,TransportationMode_Bike,TransportationMode_Car,TransportationMode_Public Transit,EnergySource_Mixed,EnergySource_Non-Renewable,HomeType_Apartment,HomeType_House,Gender_Female,Gender_Male,Gender_Non-Binary,DisposalMethods_Combination,DisposalMethods_Composting,DisposalMethods_Landfill
35,2,800,0,1,5,2.0,100,1500,1,2.0,5,0,0,1,0,0,1,0,0,0,0,1,0,1,0,0,0,1,0
28,1,1500,1,1,4,1.0,250,3000,2,1.0,4,0,1,0,1,0,0,0,1,1,0,0,1,0,1,0,0,0,0
65,0,2500,2,0,2,0.0,400,4500,3,0.0,1,1,0,0,0,1,0,1,0,0,1,0,1,0,1,0,0,0,1
42,2,950,1,1,4,1.0,150,2000,1,2.0,5,0,0,1,0,0,0,0,0,0,0,1,0,1,0,0,0,0,0
31,1,1800,2,1,3,0.0,300,3500,2,1.0,3,0,1,0,1,0,0,0,1,1,0,0,1,0,0,1,1,0,0
58,0,2200,3,0,1,,450,5000,3,,1,1,0,0,0,1,0,1,0,0,1,0,1,0,1,0,0,0,1
25,3,600,0,1,5,2.0,80,1200,0,2.0,5,0,0,1,0,0,1,0,0,0,0,0,0,1,0,0,0,1,0
39,2,1600,1,1,4,1.0,200,2800,2,1.0,4,0,1,0,1,0,0,0,1,0,0,0,1,1,0,0,0,0,0
52,1,2000,2,1,3,0.0,350,4000,1,0.0,3,1,0,0,0,0,0,0,0,1,0,0,1,0,1,0,1,0,0
29,0,1100,3,0,2,,380,4200,3,,1,0,0,1,0,1,0,1,0,0,1,1,0,0,0,1,0,0,1
48,2,1400,1,1,5,2.0,120,1800,1,2.0,5,0,1,0,0,0,1,0,0,0,0,0,1,0,1,0,0,1,0
36,1,900,2,0,3,0.0,280,3200,2,1.0,3,0,0,1,1,0,0,0,1,1,0,1,0,1,0,0,0,0,0
61,0,750,3,0,1,,420,4800,3,,1,1,0,0,0,1,0,1,0,0,1,0,0,0,1,0,0,0,1
27,3,1300,0,1,4,1.0,160,2200,0,2.0,5,0,0,1,0,0,0,0,0,0,0,0,1,1,0,0,0,1,0
44,2,1050,1,1,4,1.0,220,3000,2,1.0,4,0,1,0,1,0,0,0,1,0,0,1,0,0,0,0,0,0,0
59,1,1900,2,1,3,0.0,320,3800,1,0.0,3,1,0,0,0,0,1,0,0,1,0,0,1,1,0,0,1,0,0
32,0,650,3,0,2,,400,4600,3,,1,0,0,1,0,1,0,1,0,0,1,0,0,0,1,0,0,0,1
50,2,1550,0,1,5,2.0,130,1900,0,2.0,5,0,1,0,0,0,0,0,0,0,0,0,1,1,0,0,0,1,0
24,1,850,2,1,3,1.0,260,3100,2,1.0,3,0,0,1,1,0,0,0,1,1,0,1,0,0,1,0,0,0,0
63,0,2400,3,0,1,,480,5200,3,,1,1,0,0,0,1,0,1,0,0,1,0,1,0,0,1,0,0,1
41,3,1200,0,1,5,2.0,90,1400,0,2.0,5,0,0,1,0,0,1,0,0,0,0,0,1,1,0,0,0,1,0
30,2,1000,1,0,3,0.0,290,3400,2,1.0,3,0,1,0,1,0,0,0,1,1,0,1,0,0,1,0,0,0,0
57,1,700,2,1,4,1.0,180,2600,1,1.0,4,1,0,0,0,0,0,0,0,0,0,0,0,0,1,0,1,0,0
26,0,1150,3,0,2,,360,4100,3,,1,0,0,1,0,1,0,1,0,0,1,1,0,0,0,1,0,0,1
49,2,1450,1,1,4,1.0,170,2100,1,2.0,5,0,1,0,0,0,0,0,0,0,0,0,1,1,0,0,0,0,0
37,1,680,2,0,3,0.0,270,3300,2,1.0,3,0,0,1,1,0,0,0,1,1,0,0,0,0,0,0,1,0,0
62,0,2300,3,0,1,,460,5100,3,,1,1,0,0,0,1,0,1,0,0,1,0,1,1,0,0,0,0,1
22,3,880,0,1,5,2.0,110,1600,0,2.0,5,0,0,1,0,0,1,0,0,0,0,1,0,0,1,0,0,1,0
40,2,1700,1,1,4,1.0,210,2900,2,1.0,4,0,1,0,1,0,0,0,1,0,0,0,1,1,0,0,0,0,0
53,1,720,2,1,3,0.0,340,3900,1,0.0,3,1,0,0,0,0,0,0,0,1,0,0,0,0,1,0,1,0,0
33,0,2100,3,0,2,,390,4300,3,,1,0,0,1,0,1,0,1,0,0,1,0,1,0,0,1,0,0,1
45,2,980,0,1,4,2.0,140,1950,0,2.0,5,0,1,0,0,0,0,0,0,0,0,1,0,1,0,0,0,1,0
28,1,1550,2,1,3,0.0,310,3600,2,1.0,3,0,0,1,1,0,0,0,1,1,0,0,1,0,1,0,0,0,0
60,0,780,3,0,1,,430,4900,3,,1,1,0,0,0,1,0,1,0,0,1,0,0,0,1,0,0,0,1
24,3,1250,0,1,5,2.0,100,1550,0,2.0,5,0,0,1,0,0,1,0,0,0,0,0,1,1,0,0,0,1,0
41,2,1080,1,1,4,1.0,230,3100,2,1.0,3,0,1,0,1,0,0,0,1,0,0,1,0,0,0,0,0,0,0
62,1,1950,2,1,3,1.0,330,3900,1,0.0,3,1,0,0,0,0,1,0,0,1,0,0,1,1,0,0,1,0,0
33,0,670,3,0,2,,410,4700,3,,1,0,0,1,0,1,0,1,0,0,1,0,0,0,1,0,0,0,1
46,2,1500,0,1,4,2.0,150,2000,0,2.0,5,0,1,0,0,0,0,0,0,0,0,0,1,0,1,0,0,1,0
29,1,920,2,1,3,0.0,270,3300,2,1.0,3,0,0,1,1,0,0,0,1,1,0,1,0,1,0,0,0,0,0
56,0,2350,3,0,1,,470,5200,3,,1,1,0,0,0,1,0,1,0,0,1,0,1,0,0,1,0,0,1
23,3,620,0,1,5,2.0,90,1300,0,2.0,5,0,0,1,0,0,1,0,0,0,0,0,0,1,0,0,0,1,0
40,2,1650,1,1,4,1.0,220,2900,2,1.0,4,0,1,0,1,0,0,0,1,0,0,0,1,1,0,0,0,0,0
53,1,1980,2,1,3,1.0,360,4100,1,1.0,4,1,0,0,0,0,0,0,0,1,0,0,1,0,1,0,1,0,0
30,0,1130,3,0,2,,370,4200,3,,1,0,0,1,0,1,0,1,0,0,1,1,0,0,1,0,0,0,1
47,2,1480,1,1,4,2.0,160,2100,1,2.0,5,0,1,0,0,0,0,0,0,0,0,0,1,0,0,0,0,0,0
38,1,690,2,0,3,0.0,280,3400,2,1.0,3,0,0,1,1,0,0,0,1,1,0,0,0,1,0,0,1,0,0
63,0,2250,3,0,1,,440,5000,3,,1,1,0,0,0,1,0,1,0,0,1,0,1,0,1,0,0,0,1
21,3,900,0,1,5,2.0,100,1400,0,2.0,5,0,0,1,0,0,1,0,0,0,0,1,0,1,0,0,0,1,0
39,2,1750,1,1,4,1.0,230,3000,2,1.0,4,0,1,0,1,0,0,0,1,0,0,0,1,0,1,0,0,0,0
54,1,730,2,1,3,0.0,350,4050,1,0.0,3,1,0,0,0,0,0,0,0,1,0,0,0,0,1,0,1,0,0
34,0,2050,3,0,2,,380,4300,3,,1,0,0,1,0,1,0,1,0,0,1,0,1,0,0,1,0,0,1
45,2,1350,0,1,5,2.0,130,1850,0,2.0,5,0,1,0,0,0,1,0,0,0,0,0,1,1,0,0,0,1,0
28,1,950,2,1,3,1.0,290,3450,2,1.0,3,0,0,1,1,0,0,0,1,1,0,1,0,0,1,0,0,0,0
60,2,1800,1,1,4,2.0,200,2800,1,2.0,5,1,0,0,0,0,0,0,0,0,0,0,1,1,0,0,0,0,0
24,0,1100,2,0,2,,370,4200,3,,1,0,0,1,0,1,0,1,0,0,1,1,0,0,1,0,0,0,1
41,1,1450,1,1,3,0.0,320,3700,1,1.0,3,0,1,0,1,0,1,0,0,1,0,0,1,0,0,1,1,0,0
57,2,700,0,1,4,1.0,170,2500,0,2.0,5,1,0,0,0,0,0,0,0,0,0,0,0,0,1,0,0,1,0
32,0,2200,2,0,2,,410,4700,3,,1,0,0,1,0,1,0,1,0,0,1,0,1,0,1,0,0,0,1
49,2,1020,1,1,4,2.0,180,2300,1,2.0,5,0,1,0,0,0,0,0,1,0,0,1,0,1,0,0,0,0,0
36,1,1500,1,1,3,1.0,280,3400,1,1.0,3,0,0,1,1,0,1,0,0,1,0,0,1,0,0,0,1,0,0
61,0,760,2,0,1,,450,5000,3,,1,1,0,0,0,1,0,1,0,0,1,0,0,1,0,0,0,0,1
27,3,1280,0,1,5,2.0,110,1600,0,2.0,5,0,0,1,0,0,0,0,0,0,0,0,1,0,1,0,0,1,0
44,2,1070,1,1,4,1.0,240,3100,2,1.0,4,0,1,0,1,0,0,0,1,0,0,1,0,1,0,0,0,0,0
58,1,1850,2,1,3,0.0,330,3900,1,0.0,3,1,0,0,0,0,1,0,0,1,0,0,1,0,1,0,1,0,0
31,0,660,3,0,2,,390,4400,3,,1,0,0,1,0,1,0,1,0,0,1,0,0,0,0,1,0,0,1
48,2,1420,1,1,4,2.0,150,2050,0,2.0,5,0,1,0,0,0,0,0,0,0,0,0,1,0,1,0,0,1,0
35,1,930,2,0,3,0.0,290,3500,2,1.0,3,0,0,1,1,0,0,0,1,1,0,1,0,1,0,0,0,0,0
62,0,2320,3,0,1,,460,5100,3,,1,1,0,0,0,1,0,1,0,0,1,0,1,0,1,0,0,0,1
22,3,610,0,1,5,2.0,95,1350,0,2.0,5,0,0,1,0,0,1,0,0,0,0,0,0,1,0,0,0,1,0
40,2,1680,1,1,4,1.0,215,2850,2,1.0,4,0,1,0,1,0,0,0,1,0,0,0,1,1,0,0,0,0,0
53,1,1960,2,1,3,1.0,355,4050,1,1.0,4,1,0,0,0,0,0,0,0,1,0,0,1,0,1,0,1,0,0
34,0,2080,3,0,2,0.0,390,4400,3,,1,0,0,1,0,1,0,1,0,0,1,0,1,0,1,0,0,0,1
45,2,990,0,1,4,2.0,145,1950,0,2.0,5,0,1,0,0,0,0,0,0,0,0,1,0,1,0,0,0,1,0
28,1,1530,2,1,3,1.0,295,3500,2,1.0,3,0,0,1,1,0,0,0,1,1,0,0,1,0,1,0,0,0,0
60,1,1880,2,1,3,1.0,335,3950,1,1.0,4,1,0,0,0,0,1,0,0,1,0,0,1,1,0,0,1,0,0
24,0,1110,3,0,2,0.0,375,4250,3,0.0,1,0,0,1,0,1,0,1,0,0,1,1,0,0,1,0,0,0,1
41,2,1630,1,1,4,1.0,225,2950,2,1.0,4,0,1,0,1,0,0,0,1,0,0,0,1,0,0,1,0,0,0
57,1,710,0,1,4,1.0,175,2550,0,2.0,5,1,0,0,0,0,0,0,0,0,0,0,0,1,0,0,0,1,0
32,0,2150,2,0,2,,405,4650,3,,1,0,0,1,0,1,0,1,0,0,1,0,1,0,0,0,0,0,1
49,2,1010,1,1,5,2.0,125,1850,1,2.0,5,0,1,0,0,0,1,0,0,0,0,1,0,0,1,0,0,1,0
36,1,1570,2,0,3,0.0,305,3550,2,1.0,3,0,0,1,1,0,0,0,1,1,0,0,1,1,0,0,0,0,0
61,0,770,3,0,1,,445,4950,3,,1,1,0,0,0,1,0,1,0,0,1,0,0,0,1,0,0,0,1
27,3,1320,0,1,4,1.0,165,2250,0,2.0,5,0,0,1,0,0,0,0,0,0,0,0,1,1,0,0,0,1,0
44,2,1060,1,1,4,2.0,235,3050,2,1.0,4,0,1,0,1,0,0,0,1,0,0,1,0,1,0,0,0,0,0
58,1,1870,2,1,3,0.0,325,3850,1,0.0,3,1,0,0,0,0,1,0,0,1,0,0,1,0,1,0,1,0,0
31,0,655,3,0,2,,405,4550,3,,1,0,0,1,0,1,0,1,0,0,1,0,0,0,0,1,0,0,1
48,2,1430,1,1,5,2.0,155,2000,1,2.0,5,0,1,0,0,0,0,0,0,0,0,0,1,0,1,0,0,1,0
35,1,940,2,1,3,1.0,285,3450,2,1.0,3,0,0,1,1,0,0,0,1,1,0,1,0,0,1,0,0,0,0
62,2,1820,1,1,4,2.0,205,2850,1,2.0,5,1,0,0,0,0,0,0,0,0,0,0,1,1,0,0,0,0,0
22,0,1120,2,0,2,,365,4150,3,,1,0,0,1,0,1,0,1,0,0,1,1,0,0,1,0,0,0,1
40,1,1470,1,1,3,1.0,315,3650,1,1.0,3,0,1,0,1,0,1,0,0,1,0,0,1,0,0,1,1,0,0
55,2,715,0,1,4,2.0,185,2650,0,2.0,5,1,0,0,0,0,0,0,0,0,0,0,0,1,0,0,0,1,0
33,0,2180,2,0,2,0.0,425,4750,3,0.0,1,0,0,1,0,1,0,1,0,0,1,0,1,0,1,0,0,0,1
46,2,1030,1,1,4,1.0,245,3150,2,1.0,4,0,1,0,0,0,0,0,1,0,0,1,0,0,0,0,0,0,0
29,1,1520,1,1,3,0.0,320,3700,1,1.0,3,0,0,1,1,0,1,0,0,1,0,0,1,1,0,0,1,0,0
56,0,755,2,0,1,,440,4900,3,,1,1,0,0,0,1,0,1,0,0,1,0,0,0,1,0,0,0,1
23,3,1270,0,1,5,2.0,105,1500,0,2.0,5,0,0,1,0,0,0,0,0,0,0,0,1,1,0,0,0,1,0
40,2,1090,1,1,4,1.0,250,3200,2,1.0,4,0,1,0,1,0,0,0,1,0,0,1,0,1,0,0,0,0,0
53,1,1940,2,1,3,0.0,345,3950,1,0.0,3,1,0,0,0,0,1,0,0,1,0,0,1,0,1,0,1,0,0
38,2,1380,0,1,4,1.0,180,2300,0,2.0,5,0,0,1,0,0,0,0,0,0,0,0,1,1,0,0,0,1,0
25,1,980,1,0,3,0.0,295,3450,2,1.0,3,0,1,0,1,0,0,0,1,1,0,1,0,0,1,0,0,0,0
60,1,1920,2,1,3,1.0,340,3900,1,1.0,4,1,0,0,0,0,1,0,0,1,0,0,1,1,0,0,1,0,0
29,0,690,3,0,2,,420,4800,3,,1,0,0,1,0,1,0,1,0,0,1,0,0,0,0,0,0,0,1
47,2,1580,1,1,4,2.0,210,2800,1,2.0,5,0,1,0,0,0,0,0,1,0,0,0,1,0,1,0,0,0,0
34,1,960,2,1,3,0.0,285,3350,2,1.0,3,0,0,1,1,0,1,0,0,1,0,1,0,1,0,0,1,0,0
59,0,2280,3,0,1,,465,5150,3,,1,1,0,0,0,1,0,1,0,0,1,0,1,0,1,0,0,0,1
26,3,630,0,1,5,2.0,105,1550,0,2.0,5,0,0,1,0,0,0,0,0,0,0,0,0,1,0,0,0,1,0
43,2,1660,1,1,4,1.0,225,2950,2,1.0,4,0,1,0,1,0,0,0,1,0,0,0,1,1,0,0,0,0,0
56,1,1990,2,1,3,1.0,365,4150,1,1.0,4,1,0,0,0,0,0,0,0,1,0,0,1,0,1,0,1,0,0
31,0,1140,3,0,2,,385,4350,3,,1,0,0,1,0,1,0,1,0,0,1,1,0,0,0,1,0,0,1
48,2,1390,1,1,4,2.0,145,1950,1,2.0,5,0,1,0,0,0,1,0,0,0,0,0,1,0,1,0,0,1,0
35,1,970,2,0,3,0.0,295,3400,2,1.0,3,0,0,1,1,0,0,0,1,1,0,1,0,1,0,0,0,0,0
60,0,765,3,0,1,,435,4900,3,,1,1,0,0,0,1,0,1,0,0,1,0,0,0,1,0,0,0,1
27,3,1310,0,1,5,2.0,115,1650,0,2.0,5,0,0,1,0,0,0,0,0,0,0,0,1,1,0,0,0,1,0
44,2,1090,1,1,4,1.0,240,3000,2,1.0,4,0,1,0,1,0,0,0,1,0,0,1,0,0,1,0,0,0,0
59,1,1860,2,1,3,0.0,330,3800,1,0.0,3,1,0,0,0,0,1,0,0,1,0,0,1,1,0,0,1,0,0
32,0,665,3,0,2,,415,4650,3,,1,0,0,1,0,1,0,1,0,0,1,0,0,0,1,0,0,0,1
49,2,1440,0,1,5,2.0,135,1900,0,2.0,5,0,1,0,0,0,0,0,0,0,0,0,1,1,0,0,0,1,0
36,1,950,2,1,3,0.0,280,3300,2,1.0,3,0,0,1,1,0,0,0,1,1,0,1,0,0,1,0,0,0,0
61,0,2290,3,0,1,,475,5250,3,,1,1,0,0,0,1,0,1,0,0,1,0,1,0,0,1,0,0,1
28,3,640,0,1,5,2.0,100,1450,0,2.0,5,0,0,1,0,0,1,0,0,0,0,0,0,1,0,0,0,1,0
45,2,1690,1,1,4,1.0,220,2900,2,1.0,4,0,1,0,1,0,0,0,1,0,0,0,1,1,0,0,0,0,0
58,1,1970,2,1,3,0.0,355,4000,1,0.0,3,1,0,0,0,0,0,0,0,1,0,0,1,0,1,0,1,0,0
31,0,1150,3,0,2,,395,4450,3,,1,0,0,1,0,1,0,1,0,0,1,1,0,0,1,0,0,0,1
42,2,1360,0,1,4,1.0,190,2400,0,2.0,5,0,0,1,0,0,0,0,0,0,0,0,1,1,0,0,0,1,0
27,1,990,1,1,3,0.0,300,3500,2,1.0,3,0,1,0,1,0,0,0,1,1,0,1,0,0,1,0,0,0,0
59,1,1910,2,1,3,1.0,335,3850,1,1.0,4,1,0,0,0,0,1,0,0,1,0,0,1,1,0,0,1,0,0
32,0,680,3,0,2,,415,4750,3,,1,0,0,1,0,1,0,1,0,0,1,0,0,0,0,0,0,0,1
48,2,1590,1,1,4,2.0,215,2850,1,2.0,5,0,1,0,0,0,0,0,1,0,0,0,1,0,1,0,0,0,0
35,1,975,2,0,3,0.0,290,3400,2,1.0,3,0,0,1,1,0,1,0,0,1,0,1,0,1,0,0,1,0,0
60,0,2295,3,0,1,,470,5200,3,,1,1,0,0,0,1,0,1,0,0,1,0,1,0,1,0,0,0,1
26,3,625,0,1,5,2.0,100,1450,0,2.0,5,0,0,1,0,0,0,0,0,0,0,0,0,1,0,0,0,1,0
43,2,1670,1,1,4,1.0,230,2950,2,1.0,4,0,1,0,1,0,0,0,1,0,0,0,1,1,0,0,0,0,0
56,1,2000,2,1,3,1.0,360,4100,1,1.0,4,1,0,0,0,0,0,0,0,1,0,0,1,0,1,0,1,0,0
31,0,1135,3,0,2,,380,4300,3,,1,0,0,1,0,1,0,1,0,0,1,1,0,0,0,1,0,0,1
48,2,1380,0,1,4,2.0,140,1900,0,2.0,5,0,1,0,0,0,1,0,0,0,0,0,1,1,0,0,0,1,0
35,1,965,2,1,3,0.0,295,3450,2,1.0,3,0,0,1,1,0,0,0,1,1,0,1,0,0,1,0,0,0,0
60,0,775,3,0,1,,440,4950,3,,1,1,0,0,0,1,0,1,0,0,1,0,0,0,1,0,0,0,1
27,3,1305,0,1,5,2.0,110,1600,0,2.0,5,0,0,1,0,0,0,0,0,0,0,0,1,1,0,0,0,1,0
44,2,1080,1,1,4,1.0,235,3050,2,1.0,4,0,1,0,1,0,0,0,1,0,0,1,0,0,1,0,0,0,0
59,1,1890,2,1,3,0.0,335,3950,1,0.0,3,1,0,0,0,0,1,0,0,1,0,0,1,1,0,0,1,0,0
32,0,675,3,0,2,,410,4600,3,,1,0,0,1,0,1,0,1,0,0,1,0,0,0,1,0,0,0,1
49,2,1470,0,1,4,2.0,155,2050,0,2.0,5,0,1,0,0,0,0,0,0,0,0,0,1,1,0,0,0,1,0
36,1,985,2,1,3,1.0,290,3400,2,1.0,3,0,0,1,1,0,0,0,1,1,0,1,0,0,1,0,0,0,0
61,0,2310,3,0,1,,470,5200,3,,1,1,0,0,0,1,0,1,0,0,1,0,1,0,0,1,0,0,1
28,3,635,0,1,5,2.0,95,1350,0,2.0,5,0,0,1,0,0,1,0,0,0,0,0,0,1,0,0,0,1,0
45,2,1685,1,1,4,1.0,225,2950,2,1.0,4,0,1,0,1,0,0,0,1,0,0,0,1,1,0,0,0,0,0
58,1,1995,2,1,3,0.0,360,4100,1,0.0,3,1,0,0,0,0,0,0,0,1,0,0,1,0,1,0,1,0,0
31,0,1145,3,0,2,,385,4350,3,,1,0,0,1,0,1,0,1,0,0,1,1,0,0,1,0,0,0,1
40,2,1370,0,1,4,1.0,185,2350,0,2.0,5,0,0,1,0,0,1,0,0,0,0,0,1,0,1,0,0,1,0
26,1,985,1,1,3,0.0,305,3550,2,1.0,3,0,1,0,1,0,0,0,1,1,0,1,0,1,0,0,0,0,0
59,1,1900,2,1,3,1.0,340,3900,1,1.0,4,1,0,0,0,0,1,0,0,1,0,0,1,0,0,1,1,0,0
33,0,695,3,0,2,,425,4850,3,,1,0,0,1,0,1,0,1,0,0,1,0,0,0,1,0,0,0,1
47,2,1570,1,1,4,2.0,205,2850,1,2.0,5,0,1,0,0,0,0,0,1,0,0,0,1,1,0,0,0,0,0
34,1,965,2,1,3,0.0,290,3450,2,1.0,3,0,0,1,1,0,1,0,0,1,0,1,0,0,1,0,1,0,0
59,0,2305,3,0,1,,460,5100,3,,1,1,0,0,0,1,0,1,0,0,1,0,1,0,0,0,0,0,1
26,3,635,0,1,5,2.0,105,1500,0,2.0,5,0,0,1,0,0,0,0,0,0,0,0,0,1,0,0,0,1,0
43,2,1655,1,1,4,1.0,235,3000,2,1.0,4,0,1,0,1,0,0,0,1,0,0,0,1,0,1,0,0,0,0
56,1,1980,2,1,3,0.0,360,4050,1,0.0,3,1,0,0,0,0,0,0,0,1,0,0,1,1,0,0,1,0,0
31,0,1140,3,0,2,,385,4350,3,,1,0,0,1,0,1,0,1,0,0,1,1,0,0,1,0,0,0,1
48,2,1395,0,1,4,2.0,140,1950,0,2.0,5,0,1,0,0,0,1,0,0,0,0,0,1,1,0,0,0,1,0
35,1,975,2,0,3,0.0,295,3450,2,1.0,3,0,0,1,1,0,0,0,1,1,0,1,0,0,1,0,0,0,0
60,0,770,3,0,1,,440,4950,3,,1,1,0,0,0,1,0,1,0,0,1,0,0,0,1,0,0,0,1
27,3,1315,0,1,5,2.0,110,1650,0,2.0,5,0,0,1,0,0,0,0,0,0,0,0,1,1,0,0,0,1,0
44,2,1085,1,1,4,1.0,240,3050,2,1.0,4,0,1,0,1,0,0,0,1,0,0,1,0,0,0,0,0,0,0
59,1,1895,2,1,3,0.0,330,3850,1,0.0,3,1,0,0,0,0,1,0,0,1,0,0,1,1,0,0,1,0,0
32,0,670,3,0,2,,415,4600,3,,1,0,0,1,0,1,0,1,0,0,1,0,0,0,1,0,0,0,1
49,2,1460,0,1,5,2.0,150,2000,0,2.0,5,0,1,0,0,0,0,0,0,0,0,0,1,1,0,0,0,1,0
36,1,980,2,1,3,0.0,285,3350,2,1.0,3,0,0,1,1,0,0,0,1,1,0,1,0,0,1,0,0,0,0
61,0,2300,3,0,1,,470,5200,3,,1,1,0,0,0,1,0,1,0,0,1,0,1,0,0,1,0,0,1
28,3,640,0,1,5,2.0,95,1300,0,2.0,5,0,0,1,0,0,1,0,0,0,0,0,0,1,0,0,0,1,0
45,2,1695,1,1,4,1.0,220,2900,2,1.0,4,0,1,0,1,0,0,0,1,0,0,0,1,1,0,0,0,0,0
58,1,1965,2,1,3,1.0,350,4000,1,1.0,4,1,0,0,0,0,0,0,0,1,0,0,1,0,1,0,1,0,0
31,0,1155,3,0,2,,390,4400,3,,1,0,0,1,0,1,0,1,0,0,1,1,0,0,1,0,0,0,1
41,2,1020,1,1,4,1.0,195,2450,0,2.0,5,0,0,1,0,0,0,0,0,0,0,1,0,1,0,0,0,1,0
26,1,1540,2,1,3,0.0,305,3550,2,1.0,3,0,1,0,1,0,0,0,1,1,0,0,1,0,1,0,0,0,0
59,1,1915,2,1,3,0.0,345,3950,1,0.0,3,1,0,0,0,0,1,0,0,1,0,0,1,1,0,0,1,0,0
32,0,685,3,0,2,,420,4800,3,,1,0,0,1,0,1,0,1,0,0,1,0,0,0,1,0,0,0,1
48,2,1585,1,1,4,2.0,210,2800,1,2.0,5,0,1,0,0,0,0,0,1,0,0,0,1,1,0,0,0,0,0
35,1,970,2,1,3,0.0,295,3450,2,1.0,3,0,0,1,1,0,1,0,0,1,0,1,0,0,1,0,1,0,0
60,0,2315,3,0,1,,465,5150,3,,1,1,0,0,0,1,0,1,0,0,1,0,1,0,0,0,0,0,1
26,3,630,0,1,5,2.0,100,1400,0,2.0,5,0,0,1,0,0,0,0,0,0,0,0,0,1,0,0,0,1,0
43,2,1665,1,1,4,1.0,230,2900,2,1.0,4,0,1,0,1,0,0,0,1,0,0,0,1,1,0,0,0,0,0
56,1,1995,2,1,3,1.0,355,4050,1,1.0,4,1,0,0,0,0,0,0,0,1,0,0,1,0,1,0,1,0,0
31,0,1145,3,0,2,,385,4350,3,,1,0,0,1,0,1,0,1,0,0,1,1,0,0,0,1,0,0,1
48,2,1395,0,1,4,2.0,145,1950,0,2.0,5,0,1,0,0,0,1,0,0,0,0,0,1,1,0,0,0,1,0
35,1,975,2,0,3,0.0,290,3400,2,1.0,3,0,0,1,1,0,0,0,1,1,0,1,0,0,1,0,0,0,0
60,0,760,3,0,1,,445,4950,3,,1,1,0,0,0,1,0,1,0,0,1,0,0,0,1,0,0,0,1
27,3,1310,0,1,5,2.0,110,1600,0,2.0,5,0,0,1,0,0,0,0,0,0,0,0,1,1,0,0,0,1,0
44,2,1085,1,1,4,1.0,245,3100,2,1.0,4,0,1,0,1,0,0,0,1,0,0,1,0,0,1,0,0,0,0
59,1,1895,2,1,3,0.0,335,3950,1,0.0,3,1,0,0,0,0,1,0,0,1,0,0,1,1,0,0,1,0,0
32,0,675,3,0,2,,410,4650,3,,1,0,0,1,0,1,0,1,0,0,1,0,0,0,1,0,0,0,1
49,2,1465,0,1,4,2.0,155,2050,0,2.0,5,0,1,0,0,0,0,0,0,0,0,0,1,1,0,0,0,1,0
36,1,980,2,1,3,0.0,285,3350,2,1.0,3,0,0,1,1,0,0,0,1,1,0,1,0,0,1,0,0,0,0
61,0,2305,3,0,1,,475,5250,3,,1,1,0,0,0,1,0,1,0,0,1,0,1,0,0,1,0,0,1
28,3,640,0,1,5,2.0,100,1450,0,2.0,5,0,0,1,0,0,1,0,0,0,0,0,0,1,0,0,0,1,0
45,2,1690,1,1,4,1.0,220,2900,2,1.0,4,0,1,0,1,0,0,0,1,0,0,0,1,1,0,0,0,0,0
58,1,1970,2,1,3,0.0,350,4000,1,0.0,3,1,0,0,0,0,0,0,0,1,0,0,1,0,1,0,1,0,0
31,0,1150,3,0,2,,395,4450,3,,1,0,0,1,0,1,0,1,0,0,1,1,0,0,1,0,0,0,1
35,2,800,0,1,5,2.0,100,1500,1,2.0,5,0,0,1,0,0,1,0,0,0,0,1,0,1,0,0,0,1,0
28,1,1500,1,1,4,1.0,250,3000,2,1.0,4,0,1,0,1,0,0,0,1,1,0,0,1,0,1,0,0,0,0
65,0,2500,2,0,2,0.0,400,4500,3,0.0,1,1,0,0,0,1,0,1,0,0,1,0,1,0,1,0,0,0,1
42,2,950,1,1,4,1.0,150,2000,1,2.0,5,0,0,1,0,0,0,0,0,0,0,1,0,1,0,0,0,0,0
31,1,1800,2,1,3,0.0,300,3500,2,1.0,3,0,1,0,1,0,0,0,1,1,0,0,1,0,0,1,1,0,0
58,0,2200,3,0,1,,450,5000,3,,1,1,0,0,0,1,0,1,0,0,1,0,1,0,1,0,0,0,1
25,3,600,0,1,5,2.0,80,1200,0,2.0,5,0,0,1,0,0,1,0,0,0,0,0,0,1,0,0,0,1,0
39,2,1600,1,1,4,1.0,200,2800,2,1.0,4,0,1,0,1,0,0,0,1,0,0,0,1,1,0,0,0,0,0
52,1,2000,2,1,3,0.0,350,4000,1,0.0,3,1,0,0,0,0,0,0,0,1,0,0,1,0,1,0,1,0,0
29,0,1100,3,0,2,,380,4200,3,,1,0,0,1,0,1,0,1,0,0,1,1,0,0,0,1,0,0,1
48,2,1400,1,1,5,2.0,120,1800,1,2.0,5,0,1,0,0,0,1,0,0,0,0,0,1,0,1,0,0,1,0
36,1,900,2,0,3,0.0,280,3200,2,1.0,3,0,0,1,1,0,0,0,1,1,0,1,0,1,0,0,0,0,0
61,0,750,3,0,1,,420,4800,3,,1,1,0,0,0,1,0,1,0,0,1,0,0,0,1,0,0,0,1
27,3,1300,0,1,4,1.0,160,2200,0,2.0,5,0,0,1,0,0,0,0,0,0,0,0,1,1,0,0,0,1,0
44,2,1050,1,1,4,1.0,220,3000,2,1.0,4,0,1,0,1,0,0,0,1,0,0,1,0,0,0,0,0,0,0
59,1,1900,2,1,3,0.0,320,3800,1,0.0,3,1,0,0,0,0,1,0,0,1,0,0,1,1,0,0,1,0,0
32,0,650,3,0,2,,400,4600,3,,1,0,0,1,0,1,0,1,0,0,1,0,0,0,1,0,0,0,1
50,2,1550,0,1,5,2.0,130,1900,0,2.0,5,0,1,0,0,0,0,0,0,0,0,0,1,1,0,0,0,1,0
24,1,850,2,1,3,1.0,260,3100,2,1.0,3,0,0,1,1,0,0,0,1,1,0,1,0,0,1,0,0,0,0
63,0,2400,3,0,1,,480,5200,3,,1,1,0,0,0,1,0,1,0,0,1,0,1,0,0,1,0,0,1
57,0,2742,3,0,2,0.0,131,571,1,2.0,2,0,0,1,1,0,0,1,0,1,0,0,1,0,0,1,0,0,1
27,2,1355,3,0,3,1.0,270,2727,1,1.0,5,0,0,1,0,1,0,1,0,0,0,1,0,1,0,0,0,1,0
68,0,2240,3,0,3,0.0,153,3465,3,,2,0,1,0,0,0,0,1,0,0,0,0,1,0,0,0,0,1,0
61,1,1453,0,0,4,,71,3414,2,1.0,5,1,0,0,0,0,0,0,0,0,0,1,0,0,0,0,1,0,0
37,0,440,0,1,3,,188,4364,3,1.0,4,1,0,0,0,1,0,0,1,0,0,1,0,0,0,0,0,1,0
48,3,2567,2,1,1,,422,4270,1,0.0,1,0,0,1,0,1,0,0,0,0,1,1,0,0,0,0,0,0,1
49,2,2402,3,0,4,,414,3608,2,2.0,3,1,0,0,0,1,1,0,0,0,1,0,0,0,1,0,0,0,0
20,3,2095,1,1,2,0.0,123,1099,2,0.0,5,1,0,0,0,0,0,0,0,0,0,0,0,0,0,1,1,0,0
40,2,713,1,1,3,,469,1070,1,,4,1,0,0,1,0,1,0,0,0,1,1,0,0,0,0,1,0,0
66,0,1233,0,1,1,1.0,80,2824,3,1.0,4,0,1,0,0,1,0,0,1,1,0,0,0,0,0,1,0,1,0
51,2,1995,3,1,2,2.0,409,4638,3,,2,1,0,0,1,0,0,0,1,0,0,1,0,0,1,0,1,0,0
61,0,2914,2,0,3,,220,4483,1,0.0,1,0,0,1,0,1,0,1,0,0,0,1,0,0,0,0,0,1,0
51,2,613,2,1,2,2.0,351,3897,1,0.0,5,1,0,0,1,0,0,0,0,0,0,0,0,1,0,0,0,0,1
60,2,517,0,0,2,,244,2455,0,,2,0,0,1,0,0,0,1,0,1,0,0,0,0,1,0,1,0,0
19,3,897,0,0,5,0.0,318,4078,2,,3,1,0,0,1,0,0,0,1,1,0,1,0,0,0,0,1,0,0
56,3,1129,1,1,4,,431,3570,1,,4,0,0,1,0,1,1,0,0,1,0,0,0,0,1,0,1,0,0
50,1,2747,2,1,2,0.0,201,3548,3,0.0,4,0,1,0,1,0,1,0,0,1,0,0,0,1,0,0,0,0,0
37,1,1657,3,1,3,0.0,466,3373,2,0.0,5,0,0,1,0,0,0,0,0,0,1,1,0,0,0,0,0,1,0
59,0,2857,2,1,2,0.0,168,4203,0,,5,0,0,1,1,0,0,0,0,1,0,0,0,0,1,0,0,0,0
56,2,2219,3,1,2,1.0,205,1622,0,2.0,5,1,0,0,1,0,0,0,1,1,0,0,1,0,1,0,0,0,0
30,0,2603,3,1,1,1.0,492,3681,2,2.0,5,0,0,1,1,0,0,0,0,1,0,0,0,1,0,0,0,1,0
24,0,1547,1,0,5,2.0,178,4870,0,0.0,5,1,0,0,1,0,1,0,0,0,1,0,1,0,0,1,0,1,0
56,0,704,2,0,3,0.0,138,565,2,,3,1,0,0,1,0,1,0,0,1,0,0,0,1,0,0,1,0,0
24,1,651,0,0,2,,430,1176,0,,1,0,0,1,1,0,0,1,0,0,0,0,1,0,1,0,0,1,0
43,1,421,1,0,1,1.0,372,1641,1,1.0,5,1,0,0,0,0,0,1,0,0,1,0,0,1,0,0,0,1,0
56,1,1594,1,0,2,2.0,469,4546,3,0.0,1,0,1,0,0,1,0,0,0,0,1,1,0,0,0,1,0,0,0
18,3,607,0,0,2,0.0,395,617,3,0.0,3,0,0,1,0,1,1,0,0,1,0,1,0,0,0,1,0,0,0
43,2,1860,2,1,3,0.0,379,3305,0,2.0,5,0,1,0,0,1,0,0,1,0,0,0,1,0,0,1,0,0,1
31,1,2997,1,0,2,2.0,413,4120,0,2.0,5,0,1,0,0,0,0,0,1,0,0,0,1,0,0,1,0,1,0
73,1,2505,2,1,4,1.0,292,757,3,2.0,5,1,0,0,0,0,1,0,0,0,0,1,0,0,0,1,0,0,0
68,2,1987,0,1,4,2.0,159,2059,1,2.0,5,1,0,0,0,0,0,0,0,0,0,0,1,0,0,0,0,1,0
21,1,2819,2,1,3,0.0,260,4895,3,1.0,2,0,0,1,0,0,1,0,0,0,0,0,1,1,0,0,0,0,0
69,0,2433,1,0,2,1.0,479,4055,1,2.0,2,0,1,0,0,1,1,0,0,1,0,0,0,0,1,0,0,0,0
30,1,2850,2,0,1,2.0,486,1055,3,,1,1,0,0,0,1,0,0,1,0,1,0,1,0,0,1,0,0,0
44,2,1850,2,1,2,1.0,231,1899,0,1.0,4,0,1,0,0,0,0,0,1,1,0,0,1,0,1,0,1,0,0
50,0,1522,1,1,2,0.0,335,3749,3,,2,0,0,1,0,1,0,0,1,1,0,0,0,0,1,0,0,0,1
58,2,1040,0,1,3,1.0,262,4322,2,,3,1,0,0,1,0,1,0,0,0,0,1,0,1,0,0,0,1,0
31,1,1682,2,1,1,1.0,414,1745,1,0.0,2,0,1,0,1,0,0,0,1,0,1,0,1,0,1,0,0,0,0
63,2,1577,1,1,2,1.0,288,1987,3,1.0,3,0,0,1,0,0,0,0,1,1,0,0,1,0,1,0,0,0,0
47,2,1859,0,0,5,0.0,170,2966,1,0.0,3,1,0,0,0,0,1,0,0,0,1,0,1,0,1,0,1,0,0
75,0,2766,2,1,3,2.0,188,4923,1,0.0,2,0,1,0,0,0,0,1,0,0,1,1,0,1,0,0,0,0,1
39,3,1544,1,0,2,1.0,470,2771,1,2.0,2,1,0,0,1,0,0,1,0,0,1,0,0,0,0,0,1,0,0
42,0,2439,3,1,2,2.0,380,1524,3,2.0,4,0,0,1,0,0,0,0,0,0,0,1,0,0,0,1,0,0,1
44,3,2042,1,0,3,2.0,484,4232,3,0.0,4,0,1,0,0,0,1,0,0,0,0,1,0,1,0,0,0,1,0
22,1,583,1,0,2,0.0,394,3390,3,2.0,2,0,0,1,0,1,0,1,0,0,0,0,0,0,1,0,0,0,0
24,2,2618,0,1,2,2.0,479,3944,3,2.0,3,1,0,0,0,0,0,0,0,0,1,1,0,1,0,0,0,0,0
71,0,599,1,0,4,2.0,374,1429,0,0.0,2,0,1,0,0,1,0,1,0,0,0,0,0,1,0,0,0,1,0
64,2,590,2,1,5,1.0,78,4035,3,0.0,4,0,0,1,0,0,1,0,0,1,0,0,1,0,0,1,0,0,1
67,1,1344,0,0,4,1.0,118,2120,0,2.0,2,1,0,0,0,1,0,1,0,1,0,0,1,1,0,0,0,0,1
43,2,1459,0,0,1,,387,873,1,0.0,2,0,0,1,1,0,0,0,0,0,1,1,0,0,1,0,0,0,1
24,2,1472,2,1,2,0.0,376,1440,0,,3,1,0,0,1,0,0,0,1,1,0,0,1,1,0,0,0,1,0
45,1,808,1,1,5,2.0,198,4080,1,2.0,4,0,1,0,0,1,0,0,0,0,0,0,1,0,1,0,0,0,0
63,3,2815,2,0,1,2.0,487,4424,0,0.0,2,0,0,1,0,1,0,0,1,1,0,0,1,1,0,0,0,1,0
49,3,2000,2,1,2,2.0,201,3864,3,0.0,2,1,0,0,1,0,0,1,0,0,0,0,1,1,0,0,0,0,1
58,0,1327,1,1,5,2.0,379,3216,1,2.0,3,0,1,0,1,0,0,1,0,0,1,1,0,1,0,0,0,1,0
48,2,2445,2,1,5,0.0,178,1936,3,1.0,4,0,0,1,0,0,0,1,0,0,0,1,0,0,0,1,1,0,0
27,3,753,2,1,2,2.0,303,1808,2,,3,0,0,1,0,0,0,1,0,0,0,0,1,0,0,0,0,0,0
74,2,837,1,0,2,0.0,448,2078,2,2.0,3,0,1,0,0,0,0,0,1,0,1,1,0,0,0,0,0,1,0
35,0,2859,3,1,5,2.0,256,4012,3,1.0,4,0,0,1,0,0,0,0,0,0,1,0,0,0,0,0,1,0,0
36,2,1699,2,0,1,1.0,207,1985,2,2.0,3,1,0,0,1,0,1,0,0,0,1,0,1,1,0,0,1,0,0
73,1,1771,3,0,1,2.0,358,1923,1,1.0,2,0,0,1,0,1,0,0,0,0,0,1,0,1,0,0,0,0,0
50,2,1809,1,0,4,2.0,461,3417,1,2.0,4,1,0,0,0,0,0,0,1,0,0,0,1,1,0,0,0,0,1
56,0,1435,2,0,2,1.0,298,2206,1,1.0,2,0,1,0,1,0,0,1,0,0,1,0,0,0,1,0,0,1,0
49,2,2819,3,1,5,1.0,458,3492,0,2.0,4,0,1,0,0,1,1,0,0,0,0,0,1,0,0,0,0,1,0
71,2,2405,0,1,1,2.0,319,4425,1,1.0,5,1,0,0,1,0,0,1,0,0,0,0,0,1,0,0,1,0,0
59,0,661,0,0,5,0.0,490,3560,3,1.0,3,0,0,1,1,0,1,0,0,1,0,1,0,1,0,0,0,0,0
45,2,2602,0,0,4,,291,979,0,,4,1,0,0,0,1,0,0,1,1,0,1,0,0,0,1,0,0,0
37,3,483,2,0,4,1.0,262,3256,1,0.0,5,0,0,1,0,1,1,0,0,0,0,1,0,0,1,0,0,0,0
66,3,850,3,1,5,0.0,289,3544,0,,5,0,0,1,1,0,0,0,1,0,0,0,0,1,0,0,0,1,0
28,1,1351,0,1,4,0.0,58,3747,0,,5,0,0,1,1,0,0,0,1,0,0,0,0,0,1,0,0,1,0
66,0,2052,2,0,1,2.0,344,2159,0,,3,0,0,1,0,1,0,0,0,1,0,1,0,0,0,1,0,1,0
44,1,2382,0,1,5,0.0,352,2558,2,,5,0,1,0,0,0,0,1,0,1,0,0,1,0,0,0,0,0,0
28,1,1978,0,1,5,0.0,69,3579,2,1.0,5,1,0,0,0,0,1,0,0,1,0,0,0,1,0,0,0,0,1
57,0,560,2,1,5,0.0,105,946,0,,5,1,0,0,0,0,1,0,0,0,1,0,0,1,0,0,1,0,0
38,2,486,2,1,5,,79,2228,2,,5,0,0,1,1,0,0,0,0,1,0,1,0,0,1,0,0,1,0
64,3,2038,3,0,1,0.0,436,4306,2,1.0,3,0,1,0,1,0,0,0,0,1,0,0,1,0,0,0,1,0,0
54,3,2988,2,0,3,1.0,414,689,0,0.0,3,1,0,0,0,1,0,1,0,0,0,0,1,1,0,0,0,0,1
57,2,1305,2,0,3,,244,3847,3,0.0,1,0,1,0,0,1,0,0,0,0,1,0,0,0,0,1,0,0,1
57,1,2064,2,0,1,,200,2419,2,0.0,1,0,0,1,0,1,0,0,1,1,0,0,0,0,1,0,1,0,0
61,1,1993,1,1,1,,455,3588,1,0.0,3,0,0,1,0,0,0,1,0,1,0,1,0,1,0,0,0,1,0
67,0,2606,1,1,1,,335,4748,2,0.0,1,1,0,0,0,0,0,0,1,0,1,1,0,1,0,0,0,0,1
40,1,1630,0,0,5,2.0,67,1079,0,2.0,5,0,1,0,1,0,0,1,0,0,1,0,1,1,0,0,0,0,0
22,3,2711,0,0,4,1.0,364,1908,1,1.0,5,0,0,1,0,0,0,1,0,0,1,0,0,0,0,0,1,0,0
33,3,2094,2,1,5,1.0,59,3680,0,0.0,5,0,1,0,0,0,1,0,0,0,1,0,1,0,0,1,0,1,0
55,2,1758,3,1,5,2.0,142,1556,3,,5,0,1,0,1,0,0,0,0,0,1,1,0,1,0,0,1,0,0
37,2,545,1,0,5,0.0,373,4028,3,2.0,3,0,0,1,1,0,0,1,0,0,1,0,1,0,0,0,0,1,0
73,2,682,3,1,2,1.0,183,3360,3,1.0,5,1,0,0,1,0,0,0,0,0,0,0,1,0,0,0,0,0,1
31,1,2160,0,0,2,1.0,486,1168,0,0.0,2,1,0,0,1,0,0,1,0,0,1,0,0,0,0,0,0,1,0
41,2,464,0,1,4,0.0,159,4592,1,2.0,5,0,0,1,0,1,0,0,1,0,0,1,0,0,0,0,0,0,1
63,3,2204,3,1,5,1.0,436,2190,1,2.0,5,1,0,0,0,0,0,0,1,0,1,0,0,0,0,0,0,0,0
48,3,920,0,1,5,1.0,142,3390,0,2.0,5,0,0,1,1,0,1,0,0,1,0,1,0,1,0,0,0,1,0
52,3,1968,1,0,2,,260,792,1,1.0,5,0,1,0,0,0,1,0,0,0,0,1,0,1,0,0,0,1,0
48,1,773,3,0,5,1.0,185,4686,2,1.0,5,1,0,0,0,0,1,0,0,0,0,0,0,1,0,0,0,0,1
39,2,1453,1,0,4,,362,2145,2,0.0,4,0,0,1,1,0,0,1,0,1,0,0,1,0,0,0,0,1,0
72,3,2552,3,0,4,2.0,147,1813,3,0.0,4,0,0,1,0,1,0,1,0,0,1,1,0,0,0,1,0,1,0
48,1,2650,2,0,3,1.0,396,1566,2,0.0,5,0,0,1,0,0,0,1,0,1,0,0,0,0,0,1,0,0,0
75,3,2273,1,1,3,2.0,216,1890,1,,5,0,1,0,1,0,1,0,0,1,0,0,1,0,1,0,1,0,0
38,1,1909,0,1,4,0.0,254,3212,0,1.0,5,0,0,1,0,1,0,0,0,0,0,0,0,0,0,0,0,1,0
63,0,1089,1,1,3,2.0,383,3338,2,1.0,5,0,1,0,0,1,0,1,0,0,0,1,0,0,0,0,0,0,0
28,3,2589,0,1,5,0.0,184,3334,2,1.0,5,0,1,0,0,1,0,0,1,0,0,0,0,0,0,0,1,0,0
20,1,650,0,0,4,2.0,211,536,1,,5,0,1,0,0,0,0,0,0,0,1,0,1,1,0,0,0,0,1
25,3,1373,0,1,5,2.0,201,1941,0,,5,0,0,1,0,1,1,0,0,1,0,0,0,0,1,0,0,1,0
40,0,467,1,0,3,0.0,176,4654,3,2.0,4,0,1,0,0,0,0,0,1,0,0,0,1,0,0,1,0,0,0
96,0,2250,1,0,2,0.0,218,2062,1,2.0,3,0,0,1,1,0,1,0,0,0,1,0,0,0,1,0,1,0,0
40,2,2312,1,0,3,0.0,382,2308,2,2.0,5,1,0,0,0,0,1,0,0,1,0,0,0,1,0,0,1,0,0
73,2,2664,1,0,5,0.0,498,4834,3,1.0,1,0,0,1,1,0,0,1,0,1,0,1,0,0,1,0,0,0,1
46,3,416,2,1,4,0.0,164,1593,2,2.0,5,1,0,0,0,1,0,0,0,0,1,0,1,0,0,0,0,0,0
80,0,1676,1,0,1,2.0,111,4509,3,,1,0,1,0,0,0,1,0,0,1,0,0,1,0,1,0,0,0,1
60,1,2941,0,1,4,1.0,111,3697,3,1.0,5,0,0,1,0,0,1,0,0,0,0,0,1,0,0,1,0,0,0
25,0,2433,0,0,1,2.0,324,879,1,0.0,4,1,0,0,0,0,0,0,1,1,0,1,0,0,0,0,1,0,0
49,3,1344,0,1,3,,425,3530,1,0.0,1,0,0,1,1,0,0,1,0,0,1,0,1,0,0,0,0,1,0
32,2,2274,2,0,1,1.0,368,2473,1,,5,0,0,1,0,0,0,0,1,1,0,1,0,0,1,0,0,0,1
38,0,2869,0,1,3,1.0,111,2952,1,0.0,4,1,0,0,0,0,0,0,0,0,1,1,0,1,0,0,0,1,0
27,0,1052,3,0,2,2.0,324,2701,3,,1,0,1,0,0,1,0,1,0,0,1,0,1,0,0,1,0,0,1
62,1,2941,0,0,5,1.0,478,3687,3,0.0,1,0,1,0,0,1,0,1,0,0,0,1,0,0,0,1,0,0,1
66,2,1344,1,0,1,1.0,358,2792,1,2.0,4,0,0,1,0,0,0,0,0,0,0,0,1,0,0,0,0,0,1
39,1,2809,1,0,1,2.0,416,3779,3,0.0,3,1,0,0,1,0,1,0,0,1,0,0,0,0,0,0,0,1,0
34,0,407,1,0,5,2.0,303,767,2,0.0,5,0,1,0,0,0,1,0,0,1,0,0,0,0,0,0,0,0,0
19,1,1540,3,0,1,2.0,473,3218,1,2.0,1,0,1,0,0,1,0,0,1,0,1,0,1,0,0,0,0,0,1
62,3,1761,1,0,4,1.0,469,4979,0,2.0,4,0,0,1,0,1,0,0,1,0,1,1,0,0,0,1,0,0,0
32,2,1183,3,1,4,2.0,365,1047,3,,5,1,0,0,0,1,0,0,0,1,0,1,0,0,0,1,1,0,0
27,1,920,2,0,4,0.0,125,3395,0,1.0,5,1,0,0,0,1,1,0,0,0,1,0,1,0,1,0,0,1,0
49,1,721,1,1,3,0.0,267,3457,0,0.0,5,0,1,0,0,1,1,0,0,1,0,0,0,1,0,0,0,1,0
25,2,1288,1,1,5,1.0,150,545,1,,5,1,0,0,0,0,1,0,0,0,1,0,0,1,0,0,1,0,0
21,0,2429,3,1,4,1.0,351,1947,1,,5,0,1,0,1,0,0,1,0,1,0,0,0,0,0,0,0,1,0
60,2,2526,1,1,1,,146,3794,2,2.0,5,0,0,1,0,0,1,0,0,0,0,0,1,0,0,1,0,1,0
26,0,1077,0,0,3,1.0,252,3414,2,,3,0,0,1,1,0,0,0,1,0,0,1,0,0,0,0,0,0,0
27,3,1458,3,0,5,0.0,439,3812,1,,4,0,1,0,0,1,1,0,0,1,0,1,0,0,0,1,0,0,0
33,1,1792,2,0,3,,266,3186,3,0.0,3,0,1,0,0,0,1,0,0,1,0,0,1,0,0,1,0,1,0
74,1,1083,0,1,1,2.0,417,1438,1,,3,0,0,1,1,0,0,1,0,0,1,0,1,1,0,0,0,0,0
70,0,2118,0,0,4,1.0,182,3560,0,1.0,5,0,1,0,0,0,0,0,0,0,1,0,1,1,0,0,0,0,1
52,2,2645,3,1,1,,148,3920,0,1.0,5,1,0,0,0,0,1,0,0,0,1,0,1,0,1,0,1,0,0
44,1,2956,2,0,5,,261,4174,2,2.0,5,1,0,0,0,0,0,0,0,0,1,0,0,0,1,0,0,0,0
70,1,2020,3,1,1,1.0,442,3382,0,0.0,5,0,1,0,0,0,0,0,0,1,0,0,0,0,0,0,0,0,0
70,2,1228,2,1,1,1.0,151,1017,1,1.0,5,1,0,0,0,1,0,1,0,0,0,0,1,0,0,0,0,0,0
22,2,1411,3,1,2,0.0,488,3429,0,,4,0,0,1,1,0,0,0,0,0,1,1,0,0,0,1,0,1,0
24,3,1576,3,0,1,2.0,126,2595,2,,3,1,0,0,1,0,0,1,0,1,0,0,0,0,0,0,0,1,0
45,2,777,2,0,1,2.0,273,3015,2,2.0,5,0,1,0,0,0,1,0,0,0,0,0,1,0,1,0,0,0,1
33,0,751,2,1,2,,375,554,3,2.0,4,0,0,1,0,0,0,0,0,0,1,0,0,0,0,0,0,1,0
63,0,606,2,0,3,0.0,313,3455,2,,1,0,0,1,1,0,1,0,0,0,1,0,1,0,0,1,1,0,0
63,2,813,3,1,3,1.0,136,1128,0,1.0,5,0,1,0,0,0,0,1,0,0,0,1,0,1,0,0,0,0,1
35,3,879,0,0,2,1.0,423,4216,0,0.0,1,0,1,0,0,1,0,0,1,1,0,0,1,0,0,0,0,0,1
18,2,2350,2,1,4,0.0,142,3465,1,2.0,5,0,1,0,0,1,0,0,0,0,0,0,1,0,1,0,0,0,0
45,2,1345,0,1,4,2.0,123,1234,1,2.0,5,0,0,1,0,0,1,0,0,0,0,0,1,1,0,0,0,1,0
32,1,987,1,1,3,1.0,250,3000,2,1.0,4,0,1,0,1,0,0,0,1,1,0,1,0,0,1,0,0,0,0
65,0,1876,2,0,1,0.0,400,4500,3,0.0,1,1,0,0,0,1,0,1,0,0,1,0,1,0,1,0,0,0,1
28,2,854,1,0,3,1.0,280,3200,2,1.0,3,0,1,0,1,0,1,0,0,0,0,1,0,0,0,1,0,0,0
62,3,1234,0,1,4,2.0,150,2000,1,2.0,4,1,0,0,0,0,0,0,0,0,0,0,1,1,0,0,0,0,0
58,2,1450,0,1,1,1.0,69,2334,3,2.0,5,0,0,1,1,0,0,1,0,1,0,0,1,1,0,0,0,0,1
19,0,1444,1,1,4,,81,3125,2,0.0,5,1,0,0,0,0,1,0,0,1,0,0,0,0,0,1,1,0,0
40,2,1401,1,1,4,1.0,441,4219,0,2.0,5,0,0,1,1,0,0,0,0,1,0,0,0,0,0,0,0,1,0
23,2,1652,0,1,4,,171,1485,1,0.0,5,0,0,1,1,0,0,1,0,0,1,0,0,0,0,1,0,1,0
38,3,1058,0,0,3,2.0,89,3638,3,1.0,3,1,0,0,1,0,0,1,0,1,0,0,1,1,0,0,0,0,1
36,3,2556,3,1,2,1.0,145,3898,1,1.0,5,1,0,0,1,0,0,1,0,0,0,1,0,0,0,0,1,0,0
71,0,1433,1,1,4,,128,3641,2,2.0,3,0,0,1,1,0,0,0,1,0,1,0,1,0,0,0,0,0,1
21,1,462,3,0,5,,324,3814,1,0.0,4,1,0,0,1,0,0,0,1,0,0,0,1,0,0,0,1,0,0
64,3,2375,1,0,2,,317,931,1,2.0,5,0,1,0,0,1,0,0,1,0,0,1,0,1,0,0,0,0,0
27,0,934,3,1,5,1.0,262,1159,3,,4,1,0,0,0,1,0,0,1,1,0,0,1,0,1,0,0,0,0
67,1,2424,0,0,4,,360,2838,3,0.0,4,0,1,0,0,0,0,0,1,0,0,0,1,0,0,0,0,1,0
59,3,830,0,0,2,0.0,475,4722,1,0.0,3,0,1,0,1,0,1,0,0,1,0,0,1,1,0,0,0,0,0
66,2,1917,2,0,5,2.0,188,614,2,0.0,5,0,0,1,0,1,0,0,0,1,0,0,0,0,0,0,0,0,1
59,2,818,0,0,2,0.0,197,3022,2,1.0,5,0,1,0,0,1,1,0,0,1,0,0,0,0,1,0,0,1,0
58,1,1769,2,0,2,,135,794,1,2.0,3,1,0,0,0,0,0,1,0,1,0,1,0,1,0,0,0,0,1
62,1,1637,0,0,4,0.0,158,3134,1,2.0,4,0,0,1,0,1,0,1,0,0,0,0,1,1,0,0,0,0,1
36,0,2055,0,1,2,2.0,302,4637,1,2.0,4,1,0,0,1,0,0,1,0,1,0,1,0,0,0,0,0,0,0
56,1,1910,1,1,1,,357,1978,3,0.0,2,0,1,0,1,0,0,0,1,0,1,1,0,0,0,1,0,0,0
73,3,1659,0,0,4,,377,3937,0,2.0,5,1,0,0,1,0,0,0,0,1,0,0,1,0,1,0,0,1,0
56,0,1662,2,1,2,,285,923,1,1.0,5,1,0,0,1,0,0,0,0,0,0,0,0,1,0,0,0,1,0
42,3,2122,2,0,2,0.0,267,2079,1,1.0,5,0,0,1,0,0,0,0,0,0,1,0,1,0,0,1,0,0,1
44,2,1691,3,0,5,2.0,299,538,3,1.0,4,1,0,0,0,1,0,0,0,0,1,0,0,0,0,1,0,0,1
22,2,1692,1,1,3,1.0,364,4994,1,,5,0,1,0,0,0,1,0,0,0,1,1,0,1,0,0,0,1,0
49,1,1095,3,0,5,1.0,60,2751,3,0.0,5,1,0,0,0,0,1,0,0,0,0,0,0,0,0,1,0,0,1
66,2,1880,1,0,2,2.0,126,967,0,0.0,5,0,1,0,0,0,0,0,0,0,1,1,0,0,1,0,0,1,0
26,2,2526,1,1,4,,339,2208,0,1.0,5,0,1,0,0,1,0,0,1,1,0,1,0,0,0,1,1,0,0
48,1,953,0,0,2,,367,1497,2,2.0,2,1,0,0,0,1,1,0,0,0,1,1,0,0,1,0,0,1,0
19,0,989,1,0,4,0.0,404,1945,1,2.0,2,0,1,0,0,1,0,0,1,1,0,1,0,0,1,0,0,0,1
48,3,664,2,1,1,,458,3851,3,1.0,2,0,1,0,0,1,0,0,1,1,0,1,0,1,0,0,0,1,0
51,3,836,3,0,2,0.0,55,1166,1,2.0,5,0,0,1,0,0,0,1,0,1,0,1,0,0,0,1,0,0,0
21,0,2934,2,1,3,2.0,190,4313,0,1.0,5,0,1,0,0,0,0,0,0,1,0,1,0,1,0,0,0,0,1
30,0,1975,0,0,5,2.0,359,1414,2,0.0,5,0,1,0,0,0,1,0,0,0,0,0,0,0,1,0,0,1,0
59,0,2774,1,0,1,,101,2751,3,,1,1,0,0,0,0,0,0,0,0,0,0,1,0,0,1,0,0,1
18,2,419,0,1,4,,451,1990,0,,3,1,0,0,0,1,0,0,1,1,0,0,0,1,0,0,0,0,1
24,3,2652,0,0,5,2.0,494,3442,1,2.0,5,0,0,1,0,1,0,0,1,1,0,0,0,0,1,0,0,0,0
62,1,958,3,1,4,,228,2941,1,2.0,5,0,1,0,1,0,1,0,0,0,1,1,0,0,0,0,0,1,0
25,2,1345,0,1,4,2.0,123,1234,1,2.0,5,0,0,1,0,0,1,0,0,0,0,0,1,1,0,0,0,1,0
37,1,2456,2,0,2,,400,4500,3,0.0,4,0,0,1,1,0,0,1,0,0,1,0,1,0,1,0,0,0,1
29,0,1876,2,0,1,0.0,400,4500,3,0.0,1,1,0,0,0,1,0,1,0,0,1,0,1,0,1,0,0,0,1
31,2,854,1,0,3,1.0,280,3200,2,1.0,3,0,1,0,1,0,1,0,0,0,0,1,0,0,0,1,0,0,0
62,3,1234,0,1,4,2.0,150,2000,1,2.0,4,1,0,0,0,0,0,0,0,0,0,0,1,1,0,0,0,0,0
26,1,567,2,0,3,0.0,400,4500,3,0.0,2,0,0,1,1,0,0,1,0,0,1,0,0,0,1,0,0,0,1
48,2,1198,1,1,5,2.0,280,3200,2,1.0,5,0,1,0,0,0,0,0,1,1,0,1,0,0,0,1,0,0,0
22,0,2123,2,0,2,,400,4500,3,0.0,3,0,0,1,0,1,1,0,0,0,1,0,1,0,1,0,0,0,1
59,1,789,2,0,1,0.0,400,4500,3,0.0,1,1,0,0,1,0,0,1,0,0,1,0,0,0,1,0,0,0,1
35,2,1345,1,1,4,1.0,150,2000,1,2.0,4,0,0,1,0,0,0,0,0,0,0,1,0,1,0,0,0,0,0
41,1,2345,2,0,2,,400,4500,3,0.0,2,0,1,0,1,0,0,1,0,0,1,0,1,0,1,0,0,0,1
52,3,1567,0,1,5,2.0,280,3200,2,1.0,5,1,0,0,0,0,0,0,1,1,0,0,1,0,0,1,0,0,0
28,0,678,1,0,3,1.0,400,4500,3,0.0,3,0,1,0,0,1,1,0,0,0,0,0,0,0,1,0,0,0,1
65,1,987,2,0,1,0.0,400,4500,3,0.0,1,0,0,1,1,0,0,1,0,0,1,1,0,0,1,0,0,0,1
58,0,1996,0,0,5,,388,2092,3,1.0,4,0,0,1,0,1,0,0,0,0,0,1,0,0,1,0,0,0,0
46,2,589,1,1,2,1.0,207,1618,3,2.0,5,1,0,0,1,0,1,0,0,0,1,0,0,0,0,1,0,0,1
39,0,1361,3,0,3,2.0,496,3051,2,0.0,3,1,0,0,0,0,0,1,0,1,0,0,1,1,0,0,1,0,0
64,3,2426,1,0,5,1.0,479,1765,0,0.0,4,0,0,1,0,1,0,0,0,0,0,1,0,1,0,0,1,0,0
53,2,2896,3,1,5,1.0,202,1996,2,1.0,5,1,0,0,1,0,1,0,0,0,0,0,1,1,0,0,1,0,0
63,1,2859,1,0,4,2.0,151,4008,0,0.0,3,0,1,0,0,0,0,0,1,1,0,0,0,0,0,1,0,0,0
24,1,2522,2,0,1,1.0,491,3963,1,2.0,5,0,0,1,1,0,0,0,1,1,0,0,1,0,0,1,0,0,0
65,0,2764,3,0,4,1.0,205,4702,1,1.0,5,1,0,0,0,1,1,0,0,1,0,0,1,1,0,0,1,0,0
57,0,2966,2,1,1,2.0,421,3790,3,,5,0,1,0,0,0,0,0,1,0,0,0,1,0,1,0,0,0,0
32,3,2715,1,0,2,1.0,294,1197,3,1.0,5,0,0,1,0,0,0,1,0,0,1,0,0,0,1,0,0,0,0
21,2,1965,0,0,5,1.0,236,4968,1,0.0,4,0,1,0,1,0,0,0,1,0,1,0,0,1,0,0,0,0,0
66,2,1588,0,0,2,2.0,327,4111,1,,5,0,0,1,0,0,1,0,0,1,0,0,1,0,0,0,0,1,0
39,3,852,3,0,4,,383,2181,1,0.0,3,1,0,0,0,1,0,0,1,0,0,1,0,0,1,0,1,0,0
66,2,2510,2,0,1,2.0,382,3530,1,2.0,5,0,0,1,0,1,0,0,0,1,0,0,1,1,0,0,1,0,0
60,0,1290,3,0,2,0.0,333,1591,0,0.0,5,1,0,0,0,1,0,0,0,0,1,1,0,0,1,0,1,0,0
36,1,1040,3,1,1,0.0,383,3973,2,,1,0,1,0,0,1,0,1,0,1,0,0,1,0,1,0,0,0,0
31,2,1193,2,0,4,,103,1918,1,1.0,4,0,0,1,1,0,0,0,0,0,1,0,1,0,0,0,1,0,0
42,2,2541,1,0,1,1.0,276,4012,3,,4,0,0,1,1,0,0,1,0,1,0,1,0,0,0,0,0,0,0
21,1,1991,3,1,2,,427,3156,1,2.0,1,1,0,0,0,0,1,0,0,0,1,1,0,0,0,0,0,1,0
32,0,2400,1,0,2,0.0,422,3857,1,,5,0,0,1,1,0,0,0,1,1,0,1,0,0,0,0,1,0,0
60,3,2575,1,0,2,2.0,335,2294,2,0.0,5,0,0,1,0,0,1,0,0,0,0,0,0,0,1,0,0,1,0
45,0,1231,1,0,4,1.0,275,3367,3,2.0,3,0,1,0,0,0,1,0,0,0,1,0,1,0,0,0,0,0,1
56,3,691,2,1,1,1.0,491,3961,0,1.0,4,0,1,0,0,1,0,1,0,1,0,1,0,0,0,0,0,0,0
53,0,2063,3,0,3,1.0,345,1891,1,,5,0,0,1,0,0,0,0,0,0,0,0,1,0,1,0,0,1,0
21,2,1632,1,1,3,2.0,191,1399,2,2.0,1,0,1,0,0,1,0,1,0,0,1,1,0,1,0,0,1,0,0
36,2,668,3,0,3,0.0,442,4638,2,,4,0,1,0,1,0,0,0,0,0,1,1,0,0,0,0,0,0,0
21,1,2274,0,1,4,2.0,123,1965,3,0.0,5,0,1,0,0,1,0,0,0,1,0,0,0,1,0,0,0,0,1
57,2,1360,1,0,2,0.0,349,3825,1,2.0,3,0,1,0,0,0,0,1,0,0,0,1,0,0,1,0,0,0,0
34,0,2875,1,0,4,,425,3819,3,0.0,5,0,1,0,1,0,0,0,0,0,1,0,0,0,1,0,0,1,0
24,0,857,1,0,5,1.0,496,3679,3,2.0,5,1,0,0,0,0,0,0,0,0,0,1,0,1,0,0,0,0,1
36,2,1808,2,0,1,,497,1542,1,1.0,1,0,0,1,1,0,0,1,0,1,0,0,1,0,1,0,0,0,1
62,1,2618,3,0,5,2.0,356,1241,2,2.0,5,1,0,0,1,0,1,0,0,0,0,0,1,1,0,0,0,0,0
35,3,1638,2,1,5,1.0,452,2717,1,0.0,5,0,1,0,0,0,0,0,0,1,0,1,0,0,1,0,1,0,0
58,3,1234,1,0,2,2.0,286,4889,1,,1,1,0,0,0,1,0,0,1,0,0,0,1,0,0,0,0,0,1
32,0,1850,2,0,1,2.0,397,4076,1,0.0,5,1,0,0,0,0,0,0,0,1,0,0,1,1,0,0,0,0,0
55,3,871,2,0,5,,385,2066,3,0.0,1,0,1,0,0,1,0,1,0,1,0,0,1,0,0,1,0,0,0
70,2,2446,3,1,1,2.0,254,692,1,1.0,5,0,1,0,0,0,0,1,0,0,0,1,0,0,0,0,0,1,0
61,0,2628,3,0,4,2.0,456,2226,0,2.0,5,0,1,0,0,0,0,1,0,0,0,0,0,1,0,0,0,0,1
58,2,1344,2,0,2,2.0,327,4873,2,,1,1,0,0,1,0,0,1,0,1,0,0,1,0,1,0,0,0,1
21,3,2859,0,0,1,0.0,331,3863,0,0.0,4,0,1,0,0,0,1,0,0,0,0,0,0,0,0,0,0,0,0
58,2,1361,3,0,5,,226,1501,1,2.0,5,0,0,1,0,1,0,0,0,1,0,0,1,0,1,0,1,0,0
42,0,2453,0,0,2,0.0,490,1290,0,1.0,4,0,0,1,0,0,0,0,1,0,1,0,1,0,0,1,0,0,0
26,0,1953,3,0,1,,157,3181,1,1.0,2,0,1,0,1,0,0,1,0,0,1,1,0,0,1,0,0,1,0
43,3,1808,2,0,5,,320,608,0,2.0,4,0,1,0,0,1,1,0,0,0,0,0,1,0,0,1,0,0,0
58,0,828,3,0,3,0.0,433,4032,2,0.0,2,1,0,0,1,0,0,0,1,0,0,1,0,0,0,1,0,1,0
68,0,851,2,0,4,,203,3963,3,1.0,3,0,0,1,1,0,0,0,0,0,0,1,0,0,0,0,1,0,0
27,1,2458,1,0,5,1.0,494,4560,2,1.0,2,0,1,0,1,0,0,1,0,1,0,0,1,1,0,0,1,0,0
50,2,2321,0,0,3,,438,2311,1,1.0,5,0,0,1,0,0,1,0,0,0,0,0,1,0,0,1,0,1,0
19,2,441,3,0,2,1.0,155,2162,0,0.0,4,0,0,1,0,1,0,0,1,1,0,0,1,0,0,0,0,0,1
46,3,1927,0,0,1,1.0,352,3825,1,0.0,1,0,0,1,0,1,0,0,1,0,1,1,0,0,0,0,0,0,1
36,0,844,3,1,4,1.0,105,2957,1,1.0,5,1,0,0,1,0,0,1,0,1,0,0,0,0,1,0,0,1,0
26,1,2359,3,0,1,0.0,294,4943,3,0.0,2,0,1,0,1,0,1,0,0,1,0,0,0,0,1,0,0,0,1
45,2,1345,0,1,4,2.0,123,1234,1,2.0,5,1,0,0,0,0,0,0,0,0,0,0,1,1,0,0,0,1,0
32,1,2456,2,0,2,,400,4500,3,0.0,4,0,1,0,1,0,0,1,0,0,1,0,1,0,1,0,0,0,1
29,0,1876,2,0,1,0.0,400,4500,3,0.0,1,1,0,0,0,1,0,1,0,0,1,0,1,0,1,0,0,0,1
31,2,854,1,0,3,1.0,280,3200,2,1.0,3,0,1,0,1,0,1,0,0,0,0,1,0,0,0,1,0,0,0
62,3,1234,0,1,4,2.0,150,2000,1,2.0,4,1,0,0,0,0,0,0,0,0,0,0,1,1,0,0,0,0,0
26,1,567,2,0,3,0.0,400,4500,3,0.0,2,0,0,1,1,0,0,1,0,0,1,0,0,0,1,0,0,0,1
48,2,1198,1,1,5,2.0,280,3200,2,1.0,5,0,1,0,0,0,0,0,1,1,0,1,0,0,0,1,0,0,0
22,0,2123,2,0,2,,400,4500,3,0.0,3,0,0,1,0,1,1,0,0,0,1,0,1,0,1,0,0,0,1
59,1,789,2,0,1,0.0,400,4500,3,0.0,1,1,0,0,1,0,0,1,0,0,1,0,0,0,1,0,0,0,1
35,2,1345,1,1,4,1.0,150,2000,1,2.0,4,0,0,1,0,0,0,0,0,0,0,1,0,1,0,0,0,0,0
41,1,2345,2,0,2,,400,4500,3,0.0,2,0,1,0,1,0,0,1,0,0,1,0,1,0,1,0,0,0,1
52,3,1567,0,1,5,2.0,280,3200,2,1.0,5,1,0,0,0,0,0,0,1,1,0,0,1,0,0,1,0,0,0
28,0,678,1,0,3,1.0,400,4500,3,0.0,3,0,1,0,0,1,1,0,0,0,0,0,0,0,1,0,0,0,1
65,1,987,2,0,1,0.0,400,4500,3,0.0,1,0,0,1,1,0,0,1,0,0,1,1,0,0,1,0,0,0,1
39,2,1890,1,1,5,2.0,150,2000,1,2.0,4,1,0,0,0,0,0,0,0,0,0,0,1,1,0,0,0,0,0
24,1,567,2,0,2,0.0,400,4500,3,0.0,2,0,0,1,1,0,0,0,1,0,1,0,0,0,1,0,0,0,1
50,3,1123,0,1,4,2.0,280,3200,2,1.0,5,0,1,0,0,0,1,0,0,1,0,1,0,0,0,1,0,0,0
33,0,2567,2,0,3,,400,4500,3,0.0,3,0,0,1,0,1,0,1,0,0,1,0,1,0,1,0,0,0,1
61,1,890,2,0,1,0.0,400,4500,3,0.0,1,1,0,0,1,0,0,0,1,0,1,1,0,0,1,0,0,0,1
36,2,1987,1,1,4,1.0,150,2000,1,2.0,4,0,0,1,0,0,0,0,0,0,0,0,1,1,0,0,0,0,0
45,1,765,2,0,2,,400,4500,3,0.0,2,0,1,0,1,0,0,1,0,0,1,0,0,0,1,0,0,0,1
53,3,1098,0,1,5,2.0,280,3200,2,1.0,5,1,0,0,0,0,0,0,1,1,0,1,0,0,0,1,0,0,0
27,0,2345,1,0,3,1.0,400,4500,3,0.0,3,0,1,0,0,1,1,0,0,0,0,0,1,0,1,0,0,0,1
64,1,654,2,0,2,0.0,400,4500,3,0.0,1,0,0,1,1,0,0,1,0,0,1,0,0,0,1,0,0,0,1
38,2,1789,1,1,4,2.0,150,2000,1,2.0,4,1,0,0,0,0,0,0,0,0,0,0,1,1,0,0,0,0,0
25,1,987,2,0,2,0.0,400,4500,3,0.0,2,0,0,1,1,0,0,0,1,0,1,1,0,0,1,0,0,0,1
51,3,1678,0,1,5,2.0,280,3200,2,1.0,5,0,1,0,0,0,1,0,0,1,0,0,1,0,0,1,0,0,0
32,0,1850,2,0,1,2.0,397,4076,1,0.0,5,1,0,0,0,0,0,0,0,1,0,0,1,1,0,0,0,0,0
55,3,871,2,0,5,,385,2066,3,0.0,1,0,1,0,0,1,0,1,0,1,0,0,1,0,0,1,0,0,0
